material,energy
Ag3Co/fcc/homo,2.55808087
Ag3Co/fcc/hetero,2.42894237
Ag3Co/hcp/homo,2.56790314
Ag3Co/hcp/hetero,2.7687342
Ag3Be/fcc/homo,2.30551925
Ag3Be/fcc/hetero,2.21337378
Ag3Be/hcp/homo,2.37337035
Ag3Be/hcp/hetero,2.47432235
Ag3Mg/fcc/homo,2.16097039
Ag3Mg/fcc/hetero,2.16334049
Ag3Mg/hcp/homo,2.23787504
Ag3Mg/hcp/hetero,2.28451767
Ag3Sc/fcc/homo,2.11564737
Ag3Sc/fcc/hetero,1.84253907
Ag3Sc/hcp/homo,2.08269548
Ag3Sc/hcp/hetero,1.9185212
Ag3Ti/fcc/homo,2.17166704
Ag3Ti/fcc/hetero,1.98811617
Ag3Ti/hcp/homo,2.17171938
Ag3Ti/hcp/hetero,2.40176576
Ag3Zn/fcc/homo,2.23396856
Ag3Zn/fcc/hetero,2.22108494
Ag3Zn/hcp/homo,2.32071044
Ag3Zn/hcp/hetero,2.33272974
Ag3Y/fcc/homo,0.28420331
Ag3Y/fcc/hetero,1.71353119
Ag3Y/hcp/homo,1.90043201
Ag3Y/hcp/hetero,0.16061747
Ag3Zr/fcc/homo,2.1402243
Ag3Zr/fcc/hetero,1.80401184
Ag3Zr/hcp/homo,2.03495543
Ag3Zr/hcp/hetero,1.17531378
Ag3Tc/fcc/homo,2.2472673
Ag3Tc/fcc/hetero,1.95287667
Ag3Tc/hcp/homo,2.20095304
Ag3Tc/hcp/hetero,2.5096153
Ag3Ru/fcc/homo,2.2611619
Ag3Ru/fcc/hetero,1.99428478
Ag3Ru/hcp/homo,2.24503734
Ag3Ru/hcp/hetero,2.54746066
Ag3Cd/fcc/homo,2.10886332
Ag3Cd/fcc/hetero,2.08617041
Ag3Cd/hcp/homo,2.21135512
Ag3Cd/hcp/hetero,2.21066543
Ag3Lu/fcc/homo,1.9699841
Ag3Lu/fcc/hetero,1.75120763
Ag3Lu/hcp/homo,1.94544996
Ag3Lu/hcp/hetero,1.5926277
Ag3Hf/fcc/homo,2.17546116
Ag3Hf/fcc/hetero,1.82029165
Ag3Hf/hcp/homo,2.05264895
Ag3Hf/hcp/hetero,2.47216315
Ag3Re/fcc/homo,2.33403484
Ag3Re/fcc/hetero,1.87479285
Ag3Re/hcp/homo,2.21838185
Ag3Re/hcp/hetero,2.70654585
Ag3Os/fcc/homo,2.31959753
Ag3Os/fcc/hetero,1.85740597
Ag3Os/hcp/homo,2.39794088
Ag3Os/hcp/hetero,2.68299358
Ag3Tl/fcc/homo,1.82959
Ag3Tl/fcc/hetero,1.90967318
Ag3Tl/hcp/homo,2.04028159
Ag3Tl/hcp/hetero,1.85379102
Ag3Li/fcc/homo,2.09025919
Ag3Li/fcc/hetero,2.17492508
Ag3Li/hcp/homo,2.18973052
Ag3Li/hcp/hetero,2.18493672
Ag3Na/fcc/homo,1.88195585
Ag3Na/fcc/hetero,2.05697443
Ag3Na/hcp/homo,2.04064159
Ag3Na/hcp/hetero,1.82835867
Ag3K/fcc/homo,1.62647817
Ag3K/fcc/hetero,1.87870759
Ag3K/hcp/homo,1.48962437
Ag3K/hcp/hetero,1.36918901
Ag3V/fcc/homo,2.18585607
Ag3V/fcc/hetero,2.04679307
Ag3V/hcp/homo,2.17479043
Ag3V/hcp/hetero,2.43616416
Ag3Cr/fcc/homo,2.14486744
Ag3Cr/fcc/hetero,2.04087492
Ag3Cr/hcp/homo,2.16257583
Ag3Cr/hcp/hetero,2.31347566
Ag3Fe/fcc/homo,2.09407806
Ag3Fe/fcc/hetero,1.98967121
Ag3Fe/hcp/homo,2.11276193
Ag3Fe/hcp/hetero,2.36235164
Ag3Rb/fcc/homo,-0.6194766
Ag3Rb/fcc/hetero,-0.60489643
Ag3Rb/hcp/homo,0.39603101
Ag3Rb/hcp/hetero,0.09930506
Ag3Nb/fcc/homo,2.15908005
Ag3Nb/fcc/hetero,1.87163741
Ag3Nb/hcp/homo,2.12338382
Ag3Nb/hcp/hetero,2.43712373
Ag3Mo/fcc/homo,2.17358552
Ag3Mo/fcc/hetero,1.88485812
Ag3Mo/hcp/homo,2.12147131
Ag3Mo/hcp/hetero,2.39504413
Ag3Ba/fcc/homo,1.04016623
Ag3Ba/fcc/hetero,2.54643578
Ag3Ba/hcp/homo,1.41306502
Ag3Ba/hcp/hetero,0.51664031
Ag3Ta/fcc/homo,2.24644377
Ag3Ta/fcc/hetero,1.83089504
Ag3Ta/hcp/homo,2.14355671
Ag3Ta/hcp/hetero,2.62361033
Ag3W/fcc/homo,2.24587804
Ag3W/fcc/hetero,1.79062325
Ag3W/hcp/homo,2.12161008
Ag3W/hcp/hetero,2.54969444
Ag3Al/fcc/homo,2.12083163
Ag3Al/fcc/hetero,2.00846213
Ag3Al/hcp/homo,2.17340058
Ag3Al/hcp/hetero,2.23010708
Ag3Au/fcc/homo,2.01531378
Ag3Au/fcc/hetero,1.97477727
Ag3Au/hcp/homo,2.12123625
Ag3Au/hcp/hetero,2.14253143
Ag3Cu/fcc/homo,2.11799431
Ag3Cu/fcc/hetero,2.12437686
Ag3Cu/hcp/homo,2.20370711
Ag3Cu/hcp/hetero,2.23514244
Ag3Ir/fcc/homo,2.32996332
Ag3Ir/fcc/hetero,1.9677107
Ag3Ir/hcp/homo,2.28052023
Ag3Ir/hcp/hetero,2.65256624
Ag3Ni/fcc/homo,2.33731701
Ag3Ni/fcc/hetero,2.14338755
Ag3Ni/hcp/homo,2.34318849
Ag3Ni/hcp/hetero,2.54356019
Ag3Pb/fcc/homo,1.78775078
Ag3Pb/fcc/hetero,1.77230895
Ag3Pb/hcp/homo,1.97243048
Ag3Pb/hcp/hetero,1.81319832
Ag3Pd/fcc/homo,2.27954739
Ag3Pd/fcc/hetero,2.12075072
Ag3Pd/hcp/homo,2.31177198
Ag3Pd/hcp/hetero,2.46562448
Ag3Pt/fcc/homo,2.30193276
Ag3Pt/fcc/hetero,2.01124543
Ag3Pt/hcp/homo,2.28858077
Ag3Pt/hcp/hetero,2.53758262
Ag3Rh/fcc/homo,2.28492367
Ag3Rh/fcc/hetero,2.068266
Ag3Rh/hcp/homo,2.28832831
Ag3Rh/hcp/hetero,2.58705801
Al3Co/fcc/homo,-1.64262479
Al3Co/fcc/hetero,-1.37884451
Al3Co/hcp/homo,-1.22623304
Al3Co/hcp/hetero,-1.0230551
Al3Be/fcc/homo,-1.69631185
Al3Be/fcc/hetero,-1.62425094
Al3Be/hcp/homo,-1.2092315
Al3Be/hcp/hetero,-1.13197814
Al3Mg/fcc/homo,-1.64157386
Al3Mg/fcc/hetero,-1.66046372
Al3Mg/hcp/homo,-1.2990855
Al3Mg/hcp/hetero,-1.23844395
Al3Sc/fcc/homo,-1.67579969
Al3Sc/fcc/hetero,-1.40393957
Al3Sc/hcp/homo,-1.62146767
Al3Sc/hcp/hetero,-1.40824083
Al3Ti/fcc/homo,-1.71034094
Al3Ti/fcc/hetero,-1.25580763
Al3Ti/hcp/homo,-1.46883365
Al3Ti/hcp/hetero,-1.2570431
Al3Zn/fcc/homo,-1.6956191
Al3Zn/fcc/hetero,-1.68751608
Al3Zn/hcp/homo,-1.19244519
Al3Zn/hcp/hetero,-1.23278102
Al3Y/fcc/homo,-1.55746309
Al3Y/fcc/hetero,-1.53225071
Al3Y/hcp/homo,-1.67219893
Al3Y/hcp/hetero,-1.74038635
Al3Zr/fcc/homo,-1.72351387
Al3Zr/fcc/hetero,-1.31513022
Al3Zr/hcp/homo,-1.56957226
Al3Zr/hcp/hetero,-1.35021803
Al3Tc/fcc/homo,-1.69727992
Al3Tc/fcc/hetero,-1.08790165
Al3Tc/hcp/homo,-1.56807423
Al3Tc/hcp/hetero,-1.29025434
Al3Ru/fcc/homo,-1.76554816
Al3Ru/fcc/hetero,-1.47383663
Al3Ru/hcp/homo,-1.50145617
Al3Ru/hcp/hetero,-1.33055346
Al3Cd/fcc/homo,-1.69343034
Al3Cd/fcc/hetero,-1.66826884
Al3Cd/hcp/homo,-1.22502711
Al3Cd/hcp/hetero,-1.30148295
Al3Lu/fcc/homo,-1.63806825
Al3Lu/fcc/hetero,-1.42603839
Al3Lu/hcp/homo,-1.64999461
Al3Lu/hcp/hetero,-1.5905062
Al3Hf/fcc/homo,-1.71850062
Al3Hf/fcc/hetero,-1.30260657
Al3Hf/hcp/homo,-1.508296
Al3Hf/hcp/hetero,-1.30026702
Al3Re/fcc/homo,-1.67872516
Al3Re/fcc/hetero,-1.02980488
Al3Re/hcp/homo,-1.55862375
Al3Re/hcp/hetero,-1.29979654
Al3Os/fcc/homo,-1.77920003
Al3Os/fcc/hetero,-1.25047001
Al3Os/hcp/homo,-1.4936226
Al3Os/hcp/hetero,-1.36987204
Al3Tl/fcc/homo,-1.45059419
Al3Tl/fcc/hetero,-1.50933132
Al3Tl/hcp/homo,-1.20351571
Al3Tl/hcp/hetero,-1.40784257
Al3Li/fcc/homo,-1.66159483
Al3Li/fcc/hetero,-1.71033161
Al3Li/hcp/homo,-1.33071088
Al3Li/hcp/hetero,-1.29887478
Al3Na/fcc/homo,-1.56656904
Al3Na/fcc/hetero,-1.81231622
Al3Na/hcp/homo,-1.37318071
Al3Na/hcp/hetero,-1.61946183
Al3K/fcc/homo,-2.49497708
Al3K/fcc/hetero,-1.89788824
Al3K/hcp/homo,-1.31350802
Al3K/hcp/hetero,-1.87076398
Al3V/fcc/homo,-1.6928551
Al3V/fcc/hetero,-1.23170592
Al3V/hcp/homo,-1.44391759
Al3V/hcp/hetero,-1.15441419
Al3Cr/fcc/homo,-1.70314701
Al3Cr/fcc/hetero,-1.33034425
Al3Cr/hcp/homo,-1.41100102
Al3Cr/hcp/hetero,-1.19612736
Al3Fe/fcc/homo,-1.62137579
Al3Fe/fcc/hetero,-1.22471447
Al3Fe/hcp/homo,-1.30316222
Al3Fe/hcp/hetero,-1.13320248
Al3Rb/fcc/homo,-2.9642033
Al3Rb/fcc/hetero,-2.68494648
Al3Rb/hcp/homo,-5.45134658
Al3Rb/hcp/hetero,-4.19543309
Al3Nb/fcc/homo,-1.67242421
Al3Nb/fcc/hetero,-1.20483187
Al3Nb/hcp/homo,-1.4824027
Al3Nb/hcp/hetero,-1.13260914
Al3Mo/fcc/homo,-1.74068716
Al3Mo/fcc/hetero,-1.26051942
Al3Mo/hcp/homo,-1.50758519
Al3Mo/hcp/hetero,-1.11673305
Al3Ba/fcc/homo,-2.99643399
Al3Ba/fcc/hetero,-2.02849539
Al3Ba/hcp/homo,-2.27080786
Al3Ba/hcp/hetero,-2.47613978
Al3Ta/fcc/homo,-1.68534565
Al3Ta/fcc/hetero,-1.19750338
Al3Ta/hcp/homo,-1.45692791
Al3Ta/hcp/hetero,-1.15619116
Al3W/fcc/homo,-1.72669647
Al3W/fcc/hetero,-1.22631716
Al3W/hcp/homo,-1.49300945
Al3W/hcp/hetero,-1.1553452
Al3Ag/fcc/homo,-1.80890452
Al3Ag/fcc/hetero,-1.76886085
Al3Ag/hcp/homo,-1.22823454
Al3Ag/hcp/hetero,-1.23423973
Al3Au/fcc/homo,-1.87135171
Al3Au/fcc/hetero,-1.84314121
Al3Au/hcp/homo,-1.18960269
Al3Au/hcp/hetero,-1.23321267
Al3Cu/fcc/homo,-1.80799588
Al3Cu/fcc/hetero,-1.78138446
Al3Cu/hcp/homo,-1.25220781
Al3Cu/hcp/hetero,-1.20537588
Al3Ir/fcc/homo,-1.78615619
Al3Ir/fcc/hetero,-1.41005034
Al3Ir/hcp/homo,-1.2887059
Al3Ir/hcp/hetero,-1.15659791
Al3Ni/fcc/homo,-1.70989783
Al3Ni/fcc/hetero,-1.60318801
Al3Ni/hcp/homo,-1.18712335
Al3Ni/hcp/hetero,-1.06728808
Al3Pb/fcc/homo,-1.61057246
Al3Pb/fcc/hetero,-1.6401322
Al3Pb/hcp/homo,-1.31958015
Al3Pb/hcp/hetero,-1.59029011
Al3Pd/fcc/homo,-1.71515907
Al3Pd/fcc/hetero,-1.66187272
Al3Pd/hcp/homo,-1.13385908
Al3Pd/hcp/hetero,-1.06587013
Al3Pt/fcc/homo,-1.73835893
Al3Pt/fcc/hetero,-1.64536242
Al3Pt/hcp/homo,-1.10070504
Al3Pt/hcp/hetero,-1.0440791
Al3Rh/fcc/homo,-1.69873169
Al3Rh/fcc/hetero,-1.51510035
Al3Rh/hcp/homo,-1.20301871
Al3Rh/hcp/hetero,-1.02659655
Au3Co/fcc/homo,2.67592263
Au3Co/fcc/hetero,3.37830127
Au3Co/hcp/homo,2.8675497
Au3Co/hcp/hetero,3.48748323
Au3Be/fcc/homo,2.13080631
Au3Be/fcc/hetero,2.6614616
Au3Be/hcp/homo,2.52561731
Au3Be/hcp/hetero,3.25037936
Au3Mg/fcc/homo,2.68259766
Au3Mg/fcc/hetero,2.73716435
Au3Mg/hcp/homo,2.84489914
Au3Mg/hcp/hetero,3.00261281
Au3Sc/fcc/homo,2.56383701
Au3Sc/fcc/hetero,2.12356538
Au3Sc/hcp/homo,2.56565703
Au3Sc/hcp/hetero,2.94069994
Au3Ti/fcc/homo,2.67559106
Au3Ti/fcc/hetero,2.35196941
Au3Ti/hcp/homo,2.69787158
Au3Ti/hcp/hetero,3.04572489
Au3Zn/fcc/homo,2.70575121
Au3Zn/fcc/hetero,2.80992011
Au3Zn/hcp/homo,2.9374458
Au3Zn/hcp/hetero,3.03736997
Au3Y/fcc/homo,2.24936721
Au3Y/fcc/hetero,1.66948302
Au3Y/hcp/homo,2.10084963
Au3Y/hcp/hetero,2.56542598
Au3Zr/fcc/homo,2.51618527
Au3Zr/fcc/hetero,2.0131054
Au3Zr/hcp/homo,2.3615884
Au3Zr/hcp/hetero,2.07222013
Au3Tc/fcc/homo,2.68448994
Au3Tc/fcc/hetero,2.29012436
Au3Tc/hcp/homo,2.69430598
Au3Tc/hcp/hetero,3.015765
Au3Ru/fcc/homo,2.80384195
Au3Ru/fcc/hetero,2.47234316
Au3Ru/hcp/homo,2.88555841
Au3Ru/hcp/hetero,3.20017474
Au3Cd/fcc/homo,2.51899509
Au3Cd/fcc/hetero,2.53952126
Au3Cd/hcp/homo,2.74874057
Au3Cd/hcp/hetero,2.80204298
Au3Lu/fcc/homo,2.27175048
Au3Lu/fcc/hetero,1.95915688
Au3Lu/hcp/homo,2.2014327
Au3Lu/hcp/hetero,2.00228072
Au3Hf/fcc/homo,2.61931324
Au3Hf/fcc/hetero,2.08567377
Au3Hf/hcp/homo,2.44042769
Au3Hf/hcp/hetero,1.62155828
Au3Re/fcc/homo,2.80341307
Au3Re/fcc/hetero,2.26635894
Au3Re/hcp/homo,2.76439367
Au3Re/hcp/hetero,3.26100282
Au3Os/fcc/homo,2.75267333
Au3Os/fcc/hetero,2.2682708
Au3Os/hcp/homo,2.78751479
Au3Os/hcp/hetero,3.22715377
Au3Tl/fcc/homo,1.9607723
Au3Tl/fcc/hetero,1.95034958
Au3Tl/hcp/homo,2.20795054
Au3Tl/hcp/hetero,2.02912514
Au3Li/fcc/homo,2.67482119
Au3Li/fcc/hetero,2.87275809
Au3Li/hcp/homo,2.88435684
Au3Li/hcp/hetero,2.94319467
Au3Na/fcc/homo,2.35259657
Au3Na/fcc/hetero,2.49491125
Au3Na/hcp/homo,2.59521853
Au3Na/hcp/hetero,2.45058218
Au3K/fcc/homo,0.28606975
Au3K/fcc/hetero,1.80080874
Au3K/hcp/homo,-0.92763359
Au3K/hcp/hetero,1.44195644
Au3V/fcc/homo,2.67366848
Au3V/fcc/hetero,2.55719716
Au3V/hcp/homo,2.78984101
Au3V/hcp/hetero,3.07318683
Au3Cr/fcc/homo,2.69402941
Au3Cr/fcc/hetero,2.63150102
Au3Cr/hcp/homo,2.82184228
Au3Cr/hcp/hetero,3.01458661
Au3Fe/fcc/homo,2.65796173
Au3Fe/fcc/hetero,2.61048611
Au3Fe/hcp/homo,2.83871913
Au3Fe/hcp/hetero,3.06936024
Au3Rb/fcc/homo,0.28471965
Au3Rb/fcc/hetero,1.99005719
Au3Rb/hcp/homo,-1.57699631
Au3Rb/hcp/hetero,0.62005964
Au3Nb/fcc/homo,2.60816684
Au3Nb/fcc/hetero,2.12737419
Au3Nb/hcp/homo,2.56654352
Au3Nb/hcp/hetero,2.91742336
Au3Mo/fcc/homo,2.62840112
Au3Mo/fcc/hetero,2.25038233
Au3Mo/hcp/homo,2.67064867
Au3Mo/hcp/hetero,3.00495761
Au3Ba/fcc/homo,-1.70920283
Au3Ba/fcc/hetero,0.77250562
Au3Ba/hcp/homo,-1.31180438
Au3Ba/hcp/hetero,-0.09757891
Au3Ta/fcc/homo,2.68300339
Au3Ta/fcc/hetero,2.11563824
Au3Ta/hcp/homo,2.51525619
Au3Ta/hcp/hetero,3.30688921
Au3W/fcc/homo,2.72151151
Au3W/fcc/hetero,2.14091214
Au3W/hcp/homo,2.66120259
Au3W/hcp/hetero,3.19812304
Au3Ag/fcc/homo,2.45228005
Au3Ag/fcc/hetero,2.48748145
Au3Ag/hcp/homo,2.68566188
Au3Ag/hcp/hetero,2.6908918
Au3Al/fcc/homo,2.42415663
Au3Al/fcc/hetero,2.44634945
Au3Al/hcp/homo,2.65940099
Au3Al/hcp/hetero,2.90653923
Au3Cu/fcc/homo,2.67838571
Au3Cu/fcc/hetero,2.78242805
Au3Cu/hcp/homo,2.90552345
Au3Cu/hcp/hetero,2.99229021
Au3Ir/fcc/homo,2.70852517
Au3Ir/fcc/hetero,2.3751913
Au3Ir/hcp/homo,2.82690573
Au3Ir/hcp/hetero,3.1727428
Au3Ni/fcc/homo,2.85211932
Au3Ni/fcc/hetero,2.79103171
Au3Ni/hcp/homo,3.04333671
Au3Ni/hcp/hetero,3.24719042
Au3Pb/fcc/homo,1.83774227
Au3Pb/fcc/hetero,1.77963361
Au3Pb/hcp/homo,2.02198928
Au3Pb/hcp/hetero,1.93261277
Au3Pd/fcc/homo,2.72278724
Au3Pd/fcc/hetero,2.66279625
Au3Pd/hcp/homo,2.92907259
Au3Pd/hcp/hetero,3.05318805
Au3Pt/fcc/homo,2.73715815
Au3Pt/fcc/hetero,2.49738182
Au3Pt/hcp/homo,2.89631471
Au3Pt/hcp/hetero,3.11370739
Au3Rh/fcc/homo,2.69210146
Au3Rh/fcc/hetero,2.519954
Au3Rh/hcp/homo,2.85544742
Au3Rh/hcp/hetero,3.12509074
Cu3Co/fcc/homo,1.05165777
Cu3Co/fcc/hetero,0.85073936
Cu3Co/hcp/homo,1.11040916
Cu3Co/hcp/hetero,1.27033213
Cu3Be/fcc/homo,1.19057451
Cu3Be/fcc/hetero,1.25065633
Cu3Be/hcp/homo,1.28582887
Cu3Be/hcp/hetero,1.35617489
Cu3Mg/fcc/homo,0.82416497
Cu3Mg/fcc/hetero,0.90519659
Cu3Mg/hcp/homo,0.96744361
Cu3Mg/hcp/hetero,0.89123487
Cu3Sc/fcc/homo,0.74267882
Cu3Sc/fcc/hetero,0.61356535
Cu3Sc/hcp/homo,0.76325936
Cu3Sc/hcp/hetero,-0.21111021
Cu3Ti/fcc/homo,0.9119399
Cu3Ti/fcc/hetero,0.66060709
Cu3Ti/hcp/homo,0.92047137
Cu3Ti/hcp/hetero,0.44523439
Cu3Zn/fcc/homo,0.99596703
Cu3Zn/fcc/hetero,1.0694919
Cu3Zn/hcp/homo,1.1368963
Cu3Zn/hcp/hetero,1.11351125
Cu3Y/fcc/homo,-1.62191166
Cu3Y/fcc/hetero,-0.01547884
Cu3Y/hcp/homo,-0.2267466
Cu3Y/hcp/hetero,0.37492932
Cu3Zr/fcc/homo,0.78906571
Cu3Zr/fcc/hetero,0.49440052
Cu3Zr/hcp/homo,0.70210425
Cu3Zr/hcp/hetero,0.00417817
Cu3Tc/fcc/homo,0.98461921
Cu3Tc/fcc/hetero,0.66764694
Cu3Tc/hcp/homo,0.99072334
Cu3Tc/hcp/hetero,1.32864636
Cu3Ru/fcc/homo,0.93447313
Cu3Ru/fcc/hetero,0.59325786
Cu3Ru/hcp/homo,0.94035152
Cu3Ru/hcp/hetero,1.29123952
Cu3Cd/fcc/homo,0.77382992
Cu3Cd/fcc/hetero,0.83257334
Cu3Cd/hcp/homo,0.95114877
Cu3Cd/hcp/hetero,0.84549913
Cu3Lu/fcc/homo,-0.88308382
Cu3Lu/fcc/hetero,0.4078486
Cu3Lu/hcp/homo,0.62579628
Cu3Lu/hcp/hetero,-0.48488501
Cu3Hf/fcc/homo,0.81927167
Cu3Hf/fcc/hetero,0.51986593
Cu3Hf/hcp/homo,0.74002714
Cu3Hf/hcp/hetero,0.7055149
Cu3Re/fcc/homo,0.9948568
Cu3Re/fcc/hetero,0.57035565
Cu3Re/hcp/homo,0.9793247
Cu3Re/hcp/hetero,1.42225176
Cu3Os/fcc/homo,0.99496335
Cu3Os/fcc/hetero,0.51168215
Cu3Os/hcp/homo,0.94901369
Cu3Os/hcp/hetero,1.41526279
Cu3Tl/fcc/homo,0.41304272
Cu3Tl/fcc/hetero,0.59111694
Cu3Tl/hcp/homo,0.66974276
Cu3Tl/hcp/hetero,0.46698849
Cu3Li/fcc/homo,0.87608663
Cu3Li/fcc/hetero,1.02561281
Cu3Li/hcp/homo,1.01561737
Cu3Li/hcp/hetero,0.93612046
Cu3Na/fcc/homo,0.44826621
Cu3Na/fcc/hetero,0.83702122
Cu3Na/hcp/homo,0.72074426
Cu3Na/hcp/hetero,0.27864321
Cu3K/fcc/homo,0.63369167
Cu3K/fcc/hetero,0.68798761
Cu3K/hcp/homo,0.59324479
Cu3K/hcp/hetero,0.50162461
Cu3V/fcc/homo,0.92844398
Cu3V/fcc/hetero,0.77765442
Cu3V/hcp/homo,0.97237239
Cu3V/hcp/hetero,1.16177892
Cu3Cr/fcc/homo,0.96046094
Cu3Cr/fcc/hetero,0.83389091
Cu3Cr/hcp/homo,0.99202687
Cu3Cr/hcp/hetero,1.11697255
Cu3Fe/fcc/homo,0.91087301
Cu3Fe/fcc/hetero,0.72590869
Cu3Fe/hcp/homo,0.96564701
Cu3Fe/hcp/hetero,1.12821833
Cu3Rb/fcc/homo,-4.20046084
Cu3Rb/fcc/hetero,-4.32712803
Cu3Rb/hcp/homo,-2.71006169
Cu3Rb/hcp/hetero,-3.32633772
Cu3Nb/fcc/homo,0.90744549
Cu3Nb/fcc/hetero,0.58714884
Cu3Nb/hcp/homo,0.84454826
Cu3Nb/hcp/hetero,0.91450489
Cu3Mo/fcc/homo,1.18240633
Cu3Mo/fcc/hetero,0.81258915
Cu3Mo/hcp/homo,1.15946352
Cu3Mo/hcp/hetero,1.49630225
Cu3Ba/fcc/homo,-4.80393532
Cu3Ba/fcc/hetero,-1.30804958
Cu3Ba/hcp/homo,-3.68831087
Cu3Ba/hcp/hetero,-2.53753411
Cu3Ta/fcc/homo,0.9499045
Cu3Ta/fcc/hetero,0.60596889
Cu3Ta/hcp/homo,0.8695498
Cu3Ta/hcp/hetero,1.37811304
Cu3W/fcc/homo,1.01311753
Cu3W/fcc/hetero,0.5705526
Cu3W/hcp/homo,0.95712477
Cu3W/hcp/hetero,1.43044281
Cu3Ag/fcc/homo,0.63878589
Cu3Ag/fcc/hetero,0.64018959
Cu3Ag/hcp/homo,0.80368228
Cu3Ag/hcp/hetero,0.70570119
Cu3Al/fcc/homo,0.91242385
Cu3Al/fcc/hetero,0.88757313
Cu3Al/hcp/homo,0.99488547
Cu3Al/hcp/hetero,1.05700244
Cu3Au/fcc/homo,0.67140159
Cu3Au/fcc/hetero,0.57632854
Cu3Au/hcp/homo,0.81337557
Cu3Au/hcp/hetero,0.76795708
Cu3Ir/fcc/homo,0.99229562
Cu3Ir/fcc/hetero,0.58488755
Cu3Ir/hcp/homo,0.98298154
Cu3Ir/hcp/hetero,1.3371575
Cu3Ni/fcc/homo,1.1036981
Cu3Ni/fcc/hetero,0.91173172
Cu3Ni/hcp/homo,1.1502516
Cu3Ni/hcp/hetero,1.32128972
Cu3Pb/fcc/homo,0.41776399
Cu3Pb/fcc/hetero,0.59019133
Cu3Pb/hcp/homo,0.67698287
Cu3Pb/hcp/hetero,0.50083624
Cu3Pd/fcc/homo,0.94291714
Cu3Pd/fcc/hetero,0.7752953
Cu3Pd/hcp/homo,1.02363066
Cu3Pd/hcp/hetero,1.1025288
Cu3Pt/fcc/homo,0.9653807
Cu3Pt/fcc/hetero,0.63186668
Cu3Pt/hcp/homo,0.98732146
Cu3Pt/hcp/hetero,1.20520071
Cu3Rh/fcc/homo,0.94443261
Cu3Rh/fcc/hetero,0.69828295
Cu3Rh/hcp/homo,0.99198402
Cu3Rh/hcp/hetero,1.25444929
Ir3Co/fcc/homo,0.96555823
Ir3Co/fcc/hetero,0.98146623
Ir3Co/hcp/homo,1.207578
Ir3Co/hcp/hetero,1.04110365
Ir3Be/fcc/homo,0.9359034
Ir3Be/fcc/hetero,1.03498175
Ir3Be/hcp/homo,1.02072921
Ir3Be/hcp/hetero,0.97540333
Ir3Mg/fcc/homo,0.67806527
Ir3Mg/fcc/hetero,0.97506941
Ir3Mg/hcp/homo,0.80886306
Ir3Mg/hcp/hetero,0.58011023
Ir3Sc/fcc/homo,0.61583307
Ir3Sc/fcc/hetero,1.0608219
Ir3Sc/hcp/homo,0.74488107
Ir3Sc/hcp/hetero,0.63669824
Ir3Ti/fcc/homo,0.80596545
Ir3Ti/fcc/hetero,1.33738224
Ir3Ti/hcp/homo,0.98278812
Ir3Ti/hcp/hetero,1.09143017
Ir3Zn/fcc/homo,0.72854209
Ir3Zn/fcc/hetero,0.84794812
Ir3Zn/hcp/homo,0.85629457
Ir3Zn/hcp/hetero,0.69437983
Ir3Y/fcc/homo,0.18376915
Ir3Y/fcc/hetero,0.84115302
Ir3Y/hcp/homo,0.50736897
Ir3Y/hcp/hetero,0.30265793
Ir3Zr/fcc/homo,0.55363475
Ir3Zr/fcc/hetero,1.09378486
Ir3Zr/hcp/homo,0.75491037
Ir3Zr/hcp/hetero,0.77809147
Ir3Tc/fcc/homo,0.88512013
Ir3Tc/fcc/hetero,1.45169647
Ir3Tc/hcp/homo,1.04887729
Ir3Tc/hcp/hetero,1.29327331
Ir3Ru/fcc/homo,0.87796598
Ir3Ru/fcc/hetero,1.00448731
Ir3Ru/hcp/homo,1.05175359
Ir3Ru/hcp/hetero,1.10899998
Ir3Cd/fcc/homo,0.37408224
Ir3Cd/fcc/hetero,0.71956602
Ir3Cd/hcp/homo,0.63643298
Ir3Cd/hcp/hetero,0.33858261
Ir3Lu/fcc/homo,0.32294268
Ir3Lu/fcc/hetero,1.02354546
Ir3Lu/hcp/homo,0.5732936
Ir3Lu/hcp/hetero,0.39332953
Ir3Hf/fcc/homo,0.61816013
Ir3Hf/fcc/hetero,1.10943593
Ir3Hf/hcp/homo,0.78917179
Ir3Hf/hcp/hetero,0.83310891
Ir3Re/fcc/homo,0.85907991
Ir3Re/fcc/hetero,1.54854029
Ir3Re/hcp/homo,1.03960344
Ir3Re/hcp/hetero,1.37534221
Ir3Os/fcc/homo,0.86608405
Ir3Os/fcc/hetero,1.05422863
Ir3Os/hcp/homo,1.01599076
Ir3Os/hcp/hetero,1.23281842
Ir3Tl/fcc/homo,0.31245157
Ir3Tl/fcc/hetero,0.67834937
Ir3Tl/hcp/homo,0.57671428
Ir3Tl/hcp/hetero,0.39804557
Ir3Li/fcc/homo,0.86150321
Ir3Li/fcc/hetero,1.13561482
Ir3Li/hcp/homo,0.98391447
Ir3Li/hcp/hetero,0.76947188
Ir3Na/fcc/homo,0.45282433
Ir3Na/fcc/hetero,0.97871476
Ir3Na/hcp/homo,0.68858184
Ir3Na/hcp/hetero,0.32388774
Ir3K/fcc/homo,-0.22377867
Ir3K/fcc/hetero,1.2638323
Ir3K/hcp/homo,-1.88908681
Ir3K/hcp/hetero,-0.24294348
Ir3V/fcc/homo,0.84685995
Ir3V/fcc/hetero,1.56399175
Ir3V/hcp/homo,1.06587013
Ir3V/hcp/hetero,1.37177941
Ir3Cr/fcc/homo,0.90308674
Ir3Cr/fcc/hetero,1.2938861
Ir3Cr/hcp/homo,1.11220995
Ir3Cr/hcp/hetero,1.20250362
Ir3Fe/fcc/homo,0.01911167
Ir3Fe/fcc/hetero,-0.03090097
Ir3Fe/hcp/homo,1.02322911
Ir3Fe/hcp/hetero,-0.07602975
Ir3Rb/fcc/homo,0.79602311
Ir3Rb/fcc/hetero,0.35756175
Ir3Rb/hcp/homo,0.63908517
Ir3Rb/hcp/hetero,0.44075927
Ir3Nb/fcc/homo,0.68665046
Ir3Nb/fcc/hetero,1.3611191
Ir3Nb/hcp/homo,0.85723098
Ir3Nb/hcp/hetero,1.1347143
Ir3Mo/fcc/homo,0.78081129
Ir3Mo/fcc/hetero,1.84708132
Ir3Mo/hcp/homo,0.97838862
Ir3Mo/hcp/hetero,1.33074608
Ir3Ba/fcc/homo,-0.69445533
Ir3Ba/fcc/hetero,-0.92890657
Ir3Ba/hcp/homo,0.07234479
Ir3Ba/hcp/hetero,-0.52216163
Ir3Ta/fcc/homo,0.69277897
Ir3Ta/fcc/hetero,1.3735937
Ir3Ta/hcp/homo,0.86203678
Ir3Ta/hcp/hetero,1.18258022
Ir3W/fcc/homo,0.73264974
Ir3W/fcc/hetero,1.93696675
Ir3W/hcp/homo,0.96422273
Ir3W/hcp/hetero,1.35550837
Ir3Ag/fcc/homo,0.51761681
Ir3Ag/fcc/hetero,0.67104495
Ir3Ag/hcp/homo,0.75611993
Ir3Ag/hcp/hetero,0.40786645
Ir3Al/fcc/homo,0.80086502
Ir3Al/fcc/hetero,0.96366123
Ir3Al/hcp/homo,0.91592773
Ir3Al/hcp/hetero,0.88099152
Ir3Au/fcc/homo,0.56761012
Ir3Au/fcc/hetero,0.53649096
Ir3Au/hcp/homo,0.81680581
Ir3Au/hcp/hetero,0.50211403
Ir3Cu/fcc/homo,0.78374631
Ir3Cu/fcc/hetero,0.82256395
Ir3Cu/hcp/homo,0.94351054
Ir3Cu/hcp/hetero,0.77419626
Ir3Ni/fcc/homo,0.88845681
Ir3Ni/fcc/hetero,0.84936745
Ir3Ni/hcp/homo,1.06069202
Ir3Ni/hcp/hetero,0.91965406
Ir3Pb/fcc/homo,0.32343241
Ir3Pb/fcc/hetero,0.76233385
Ir3Pb/hcp/homo,0.63492706
Ir3Pb/hcp/hetero,0.56221927
Ir3Pd/fcc/homo,0.74740258
Ir3Pd/fcc/hetero,0.67403202
Ir3Pd/hcp/homo,0.95347754
Ir3Pd/hcp/hetero,0.71540965
Ir3Pt/fcc/homo,0.78387374
Ir3Pt/fcc/hetero,0.66518354
Ir3Pt/hcp/homo,0.99713964
Ir3Pt/hcp/hetero,0.81688764
Ir3Rh/fcc/homo,0.83721127
Ir3Rh/fcc/hetero,0.85236824
Ir3Rh/hcp/homo,1.03344184
Ir3Rh/hcp/hetero,0.94325813
Ni3Co/fcc/homo,0.33108932
Ni3Co/fcc/hetero,0.43614171
Ni3Co/hcp/homo,0.41511358
Ni3Co/hcp/hetero,0.50835
Ni3Be/fcc/homo,0.45259656
Ni3Be/fcc/hetero,0.50451424
Ni3Be/hcp/homo,0.55824491
Ni3Be/hcp/hetero,0.48497464
Ni3Mg/fcc/homo,0.10200821
Ni3Mg/fcc/hetero,0.25264681
Ni3Mg/hcp/homo,0.2523248
Ni3Mg/hcp/hetero,-0.00053467
Ni3Sc/fcc/homo,0.04942878
Ni3Sc/fcc/hetero,0.34590845
Ni3Sc/hcp/homo,0.19229999
Ni3Sc/hcp/hetero,-0.031969
Ni3Ti/fcc/homo,0.128531
Ni3Ti/fcc/hetero,0.61253618
Ni3Ti/hcp/homo,0.2803314
Ni3Ti/hcp/hetero,0.31717404
Ni3Zn/fcc/homo,0.21265711
Ni3Zn/fcc/hetero,0.23058708
Ni3Zn/hcp/homo,0.33567686
Ni3Zn/hcp/hetero,0.18472437
Ni3Y/fcc/homo,-0.02121831
Ni3Y/fcc/hetero,0.46770516
Ni3Y/hcp/homo,0.02585365
Ni3Y/hcp/hetero,-0.33062103
Ni3Zr/fcc/homo,0.01631004
Ni3Zr/fcc/hetero,0.48996493
Ni3Zr/hcp/homo,0.13419052
Ni3Zr/hcp/hetero,0.08794487
Ni3Tc/fcc/homo,0.2327995
Ni3Tc/fcc/hetero,0.39602378
Ni3Tc/hcp/homo,0.26669941
Ni3Tc/hcp/hetero,0.5200859
Ni3Ru/fcc/homo,0.23023695
Ni3Ru/fcc/hetero,0.3541521
Ni3Ru/hcp/homo,0.27396043
Ni3Ru/hcp/hetero,0.49612983
Ni3Cd/fcc/homo,0.00368821
Ni3Cd/fcc/hetero,0.07480316
Ni3Cd/hcp/homo,0.15441146
Ni3Cd/hcp/hetero,-0.06135576
Ni3Lu/fcc/homo,-0.05670704
Ni3Lu/fcc/hetero,0.24891871
Ni3Lu/hcp/homo,0.06518614
Ni3Lu/hcp/hetero,-0.26301875
Ni3Hf/fcc/homo,0.01515787
Ni3Hf/fcc/hetero,0.4543568
Ni3Hf/hcp/homo,0.12380303
Ni3Hf/hcp/hetero,0.1203437
Ni3Re/fcc/homo,0.2017963
Ni3Re/fcc/hetero,0.37579238
Ni3Re/hcp/homo,0.20979788
Ni3Re/hcp/hetero,0.63480748
Ni3Os/fcc/homo,0.22468378
Ni3Os/fcc/hetero,0.24158312
Ni3Os/hcp/homo,0.27014667
Ni3Os/hcp/hetero,0.56209227
Ni3Tl/fcc/homo,-0.06525774
Ni3Tl/fcc/hetero,0.00860249
Ni3Tl/hcp/homo,0.09649273
Ni3Tl/hcp/hetero,-0.09018233
Ni3Li/fcc/homo,0.24452309
Ni3Li/fcc/hetero,0.50366878
Ni3Li/hcp/homo,0.42832971
Ni3Li/hcp/hetero,0.12865925
Ni3Na/fcc/homo,-0.09809747
Ni3Na/fcc/hetero,0.31760956
Ni3Na/hcp/homo,0.14485474
Ni3Na/hcp/hetero,-0.34058565
Ni3K/fcc/homo,-1.4141398
Ni3K/fcc/hetero,-2.38328929
Ni3K/hcp/homo,-3.02877094
Ni3K/hcp/hetero,-2.0766115
Ni3V/fcc/homo,0.2885058
Ni3V/fcc/hetero,0.8890177
Ni3V/hcp/homo,0.41227927
Ni3V/hcp/hetero,0.65307959
Ni3Cr/fcc/homo,0.20186238
Ni3Cr/fcc/hetero,0.40954103
Ni3Cr/hcp/homo,0.29951619
Ni3Cr/hcp/hetero,0.3311192
Ni3Fe/fcc/homo,0.28325857
Ni3Fe/fcc/hetero,0.53135212
Ni3Fe/hcp/homo,0.38261303
Ni3Fe/hcp/hetero,0.47757079
Ni3Rb/fcc/homo,-1.73363562
Ni3Rb/fcc/hetero,-1.26731121
Ni3Rb/hcp/homo,-1.35735063
Ni3Rb/hcp/hetero,-2.03304844
Ni3Nb/fcc/homo,0.16385284
Ni3Nb/fcc/hetero,0.69570662
Ni3Nb/hcp/homo,0.27792351
Ni3Nb/hcp/hetero,0.54382823
Ni3Mo/fcc/homo,0.23116442
Ni3Mo/fcc/hetero,0.58309597
Ni3Mo/hcp/homo,0.26001399
Ni3Mo/hcp/hetero,0.65412572
Ni3Ba/fcc/homo,-3.40255646
Ni3Ba/fcc/hetero,-0.08403349
Ni3Ba/hcp/homo,-2.78894335
Ni3Ba/hcp/hetero,-1.44433707
Ni3Ta/fcc/homo,0.16222154
Ni3Ta/fcc/hetero,0.75875518
Ni3Ta/hcp/homo,0.28917485
Ni3Ta/hcp/hetero,0.5731638
Ni3W/fcc/homo,0.26468278
Ni3W/fcc/hetero,0.69161144
Ni3W/hcp/homo,0.31497208
Ni3W/hcp/hetero,0.71330414
Ni3Ag/fcc/homo,0.00120618
Ni3Ag/fcc/hetero,0.04271903
Ni3Ag/hcp/homo,0.13708447
Ni3Ag/hcp/hetero,-0.02331066
Ni3Al/fcc/homo,0.24139987
Ni3Al/fcc/hetero,0.3596093
Ni3Al/hcp/homo,0.39137559
Ni3Al/hcp/hetero,0.30709006
Ni3Au/fcc/homo,0.02653767
Ni3Au/fcc/hetero,-0.06184589
Ni3Au/hcp/homo,0.11992634
Ni3Au/hcp/hetero,0.06753242
Ni3Cu/fcc/homo,0.21037444
Ni3Cu/fcc/hetero,0.21954317
Ni3Cu/hcp/homo,0.31841319
Ni3Cu/hcp/hetero,0.24090658
Ni3Ir/fcc/homo,0.20281671
Ni3Ir/fcc/hetero,0.12885396
Ni3Ir/hcp/homo,0.2374214
Ni3Ir/hcp/hetero,0.47713909
Ni3Pb/fcc/homo,-0.10563258
Ni3Pb/fcc/hetero,0.08026346
Ni3Pb/hcp/homo,0.03724412
Ni3Pb/hcp/hetero,-0.05844135
Ni3Pd/fcc/homo,0.09922821
Ni3Pd/fcc/hetero,0.07593471
Ni3Pd/hcp/homo,0.19415691
Ni3Pd/hcp/hetero,0.16402317
Ni3Pt/fcc/homo,0.13052774
Ni3Pt/fcc/hetero,0.02936754
Ni3Pt/hcp/homo,0.19117631
Ni3Pt/hcp/hetero,0.29416022
Ni3Rh/fcc/homo,0.20239026
Ni3Rh/fcc/hetero,0.18126137
Ni3Rh/hcp/homo,0.23607239
Ni3Rh/hcp/hetero,0.37528306
Pb3Co/fcc/homo,1.04151364
Pb3Co/fcc/hetero,1.36463134
Pb3Co/hcp/homo,1.02593513
Pb3Co/hcp/hetero,1.39688846
Pb3Be/fcc/homo,1.07565138
Pb3Be/fcc/hetero,1.20237985
Pb3Be/hcp/homo,0.49755291
Pb3Be/hcp/hetero,1.32673276
Pb3Mg/fcc/homo,1.02872704
Pb3Mg/fcc/hetero,1.11729311
Pb3Mg/hcp/homo,1.16845559
Pb3Mg/hcp/hetero,1.22913525
Pb3Sc/fcc/homo,1.02193709
Pb3Sc/fcc/hetero,1.40595481
Pb3Sc/hcp/homo,1.15118329
Pb3Sc/hcp/hetero,1.43452217
Pb3Ti/fcc/homo,1.08151703
Pb3Ti/fcc/hetero,1.42609503
Pb3Ti/hcp/homo,1.24049268
Pb3Ti/hcp/hetero,1.47546303
Pb3Zn/fcc/homo,1.10217266
Pb3Zn/fcc/hetero,0.96231669
Pb3Zn/hcp/homo,1.16966298
Pb3Zn/hcp/hetero,1.2274911
Pb3Y/fcc/homo,0.95595019
Pb3Y/fcc/hetero,1.37119137
Pb3Y/hcp/homo,1.06690706
Pb3Y/hcp/hetero,1.42566465
Pb3Zr/fcc/homo,1.04232632
Pb3Zr/fcc/hetero,1.42412327
Pb3Zr/hcp/homo,1.21535297
Pb3Zr/hcp/hetero,1.399952
Pb3Tc/fcc/homo,1.10700819
Pb3Tc/fcc/hetero,1.46537298
Pb3Tc/hcp/homo,1.38152168
Pb3Tc/hcp/hetero,1.49688757
Pb3Ru/fcc/homo,0.47598214
Pb3Ru/fcc/hetero,1.32566029
Pb3Ru/hcp/homo,0.93239983
Pb3Ru/hcp/hetero,1.5014585
Pb3Cd/fcc/homo,1.041843
Pb3Cd/fcc/hetero,0.93626789
Pb3Cd/hcp/homo,1.14378041
Pb3Cd/hcp/hetero,1.15333366
Pb3Lu/fcc/homo,0.9671437
Pb3Lu/fcc/hetero,1.36772695
Pb3Lu/hcp/homo,1.07992625
Pb3Lu/hcp/hetero,1.35977245
Pb3Hf/fcc/homo,1.05728221
Pb3Hf/fcc/hetero,1.44784707
Pb3Hf/hcp/homo,1.23812522
Pb3Hf/hcp/hetero,1.39023672
Pb3Re/fcc/homo,0.99865683
Pb3Re/fcc/hetero,1.60022673
Pb3Re/hcp/homo,1.43269107
Pb3Re/hcp/hetero,1.47352793
Pb3Os/fcc/homo,0.31940758
Pb3Os/fcc/hetero,1.43839837
Pb3Os/hcp/homo,0.97844443
Pb3Os/hcp/hetero,1.52888145
Pb3Tl/fcc/homo,1.00382979
Pb3Tl/fcc/hetero,0.88439929
Pb3Tl/hcp/homo,1.09637493
Pb3Tl/hcp/hetero,1.05907082
Pb3Li/fcc/homo,1.12081382
Pb3Li/fcc/hetero,1.19669293
Pb3Li/hcp/homo,1.20567904
Pb3Li/hcp/hetero,1.32446573
Pb3Na/fcc/homo,1.05978714
Pb3Na/fcc/hetero,1.09003567
Pb3Na/hcp/homo,1.15719569
Pb3Na/hcp/hetero,1.25168507
Pb3K/fcc/homo,0.93021398
Pb3K/fcc/hetero,0.86857386
Pb3K/hcp/homo,1.10150617
Pb3K/hcp/hetero,0.91826712
Pb3V/fcc/homo,1.97406665
Pb3V/fcc/hetero,2.43495846
Pb3V/hcp/homo,1.24866277
Pb3V/hcp/hetero,2.46108733
Pb3Cr/fcc/homo,1.0871025
Pb3Cr/fcc/hetero,1.31803808
Pb3Cr/hcp/homo,3.55647325
Pb3Cr/hcp/hetero,1.36558708
Pb3Fe/fcc/homo,1.24732381
Pb3Fe/fcc/hetero,1.59491812
Pb3Fe/hcp/homo,1.34879764
Pb3Fe/hcp/hetero,1.45435855
Pb3Rb/fcc/homo,1.07058123
Pb3Rb/fcc/hetero,0.66663313
Pb3Rb/hcp/homo,1.20906029
Pb3Rb/hcp/hetero,1.28361927
Pb3Nb/fcc/homo,1.05896631
Pb3Nb/fcc/hetero,1.5301108
Pb3Nb/hcp/homo,1.24492645
Pb3Nb/hcp/hetero,1.48375161
Pb3Mo/fcc/homo,1.10501741
Pb3Mo/fcc/hetero,1.75623112
Pb3Mo/hcp/homo,1.30337407
Pb3Mo/hcp/hetero,1.46683674
Pb3Ba/fcc/homo,0.90009184
Pb3Ba/fcc/hetero,1.10855654
Pb3Ba/hcp/homo,1.04795959
Pb3Ba/hcp/hetero,0.47519481
Pb3Ta/fcc/homo,1.10016285
Pb3Ta/fcc/hetero,1.42034302
Pb3Ta/hcp/homo,-0.63003645
Pb3Ta/hcp/hetero,1.42801532
Pb3W/fcc/homo,1.07828539
Pb3W/fcc/hetero,1.48513708
Pb3W/hcp/homo,1.32874226
Pb3W/hcp/hetero,1.48194087
Pb3Ag/fcc/homo,1.10615437
Pb3Ag/fcc/hetero,1.18216338
Pb3Ag/hcp/homo,1.22601328
Pb3Ag/hcp/hetero,1.22426098
Pb3Al/fcc/homo,1.03669486
Pb3Al/fcc/hetero,1.01508692
Pb3Al/hcp/homo,1.14545336
Pb3Al/hcp/hetero,1.18284907
Pb3Au/fcc/homo,1.11376441
Pb3Au/fcc/hetero,1.11346048
Pb3Au/hcp/homo,1.23427986
Pb3Au/hcp/hetero,1.18432733
Pb3Cu/fcc/homo,1.09698943
Pb3Cu/fcc/hetero,1.24344991
Pb3Cu/hcp/homo,1.25024657
Pb3Cu/hcp/hetero,1.26707013
Pb3Ir/fcc/homo,0.01793729
Pb3Ir/fcc/hetero,1.70031865
Pb3Ir/hcp/homo,0.55874834
Pb3Ir/hcp/hetero,1.32578292
Pb3Ni/fcc/homo,1.08399218
Pb3Ni/fcc/hetero,1.50196754
Pb3Ni/hcp/homo,1.47498339
Pb3Ni/hcp/hetero,1.47676398
Pb3Pd/fcc/homo,1.15396167
Pb3Pd/fcc/hetero,1.49914142
Pb3Pd/hcp/homo,1.43653601
Pb3Pd/hcp/hetero,1.43021875
Pb3Pt/fcc/homo,1.11867071
Pb3Pt/fcc/hetero,1.559498
Pb3Pt/hcp/homo,1.45662618
Pb3Pt/hcp/hetero,1.37375095
Pb3Rh/fcc/homo,0.96133158
Pb3Rh/fcc/hetero,1.81591042
Pb3Rh/hcp/homo,1.160715
Pb3Rh/hcp/hetero,1.54313217
Pd3Co/fcc/homo,1.62845433
Pd3Co/fcc/hetero,1.69063387
Pd3Co/hcp/homo,1.77529881
Pd3Co/hcp/hetero,1.79913739
Pd3Be/fcc/homo,1.70766027
Pd3Be/fcc/hetero,1.79786274
Pd3Be/hcp/homo,1.88090999
Pd3Be/hcp/hetero,1.96493519
Pd3Mg/fcc/homo,1.42946914
Pd3Mg/fcc/hetero,1.64485817
Pd3Mg/hcp/homo,1.611487
Pd3Mg/hcp/hetero,1.51071782
Pd3Sc/fcc/homo,1.51295341
Pd3Sc/fcc/hetero,1.82597338
Pd3Sc/hcp/homo,1.68650611
Pd3Sc/hcp/hetero,1.61000202
Pd3Ti/fcc/homo,1.7033224
Pd3Ti/fcc/hetero,2.15343047
Pd3Ti/hcp/homo,1.87603559
Pd3Ti/hcp/hetero,1.98914056
Pd3Zn/fcc/homo,1.53760514
Pd3Zn/fcc/hetero,1.57444668
Pd3Zn/hcp/homo,1.68433881
Pd3Zn/hcp/hetero,1.73555121
Pd3Y/fcc/homo,1.32010769
Pd3Y/fcc/hetero,1.64688136
Pd3Y/hcp/homo,1.46494651
Pd3Y/hcp/hetero,1.28494398
Pd3Zr/fcc/homo,1.67927901
Pd3Zr/fcc/hetero,2.1466027
Pd3Zr/hcp/homo,1.76970092
Pd3Zr/hcp/hetero,1.91573616
Pd3Tc/fcc/homo,1.65383142
Pd3Tc/fcc/hetero,1.68565904
Pd3Tc/hcp/homo,1.74932556
Pd3Tc/hcp/hetero,1.86476819
Pd3Ru/fcc/homo,1.62579698
Pd3Ru/fcc/hetero,1.47367436
Pd3Ru/hcp/homo,1.71827431
Pd3Ru/hcp/hetero,1.83209344
Pd3Cd/fcc/homo,1.31958048
Pd3Cd/fcc/hetero,1.39961182
Pd3Cd/hcp/homo,1.47269699
Pd3Cd/hcp/hetero,1.43538076
Pd3Lu/fcc/homo,1.38604747
Pd3Lu/fcc/hetero,1.64128652
Pd3Lu/hcp/homo,1.51308658
Pd3Lu/hcp/hetero,1.41615753
Pd3Hf/fcc/homo,1.67353394
Pd3Hf/fcc/hetero,2.13504899
Pd3Hf/hcp/homo,1.78983489
Pd3Hf/hcp/hetero,1.94675185
Pd3Re/fcc/homo,1.75432978
Pd3Re/fcc/hetero,1.72982818
Pd3Re/hcp/homo,1.77991394
Pd3Re/hcp/hetero,2.0628502
Pd3Os/fcc/homo,1.67918501
Pd3Os/fcc/hetero,1.41584998
Pd3Os/hcp/homo,1.69984118
Pd3Os/hcp/hetero,1.92993979
Pd3Tl/fcc/homo,1.35960479
Pd3Tl/fcc/hetero,1.34805441
Pd3Tl/hcp/homo,1.4464133
Pd3Tl/hcp/hetero,1.56469516
Pd3Li/fcc/homo,1.48653809
Pd3Li/fcc/hetero,1.9367332
Pd3Li/hcp/homo,1.73239436
Pd3Li/hcp/hetero,1.54440271
Pd3Na/fcc/homo,1.23223002
Pd3Na/fcc/hetero,1.69137248
Pd3Na/hcp/homo,1.46965529
Pd3Na/hcp/hetero,1.20903829
Pd3K/fcc/homo,0.87267805
Pd3K/fcc/hetero,1.45126814
Pd3K/hcp/homo,1.16573972
Pd3K/hcp/hetero,0.78906805
Pd3V/fcc/homo,1.74983659
Pd3V/fcc/hetero,1.94741998
Pd3V/hcp/homo,1.86856201
Pd3V/hcp/hetero,1.96544012
Pd3Cr/fcc/homo,1.53555449
Pd3Cr/fcc/hetero,1.6864541
Pd3Cr/hcp/homo,2.59350011
Pd3Cr/hcp/hetero,1.66289825
Pd3Fe/fcc/homo,1.6097879
Pd3Fe/fcc/hetero,3.33825471
Pd3Fe/hcp/homo,3.31124967
Pd3Fe/hcp/hetero,1.80838888
Pd3Rb/fcc/homo,0.38019341
Pd3Rb/fcc/hetero,-0.02025313
Pd3Rb/hcp/homo,-1.05534929
Pd3Rb/hcp/hetero,0.57101006
Pd3Nb/fcc/homo,1.75542641
Pd3Nb/fcc/hetero,2.4505064
Pd3Nb/hcp/homo,1.89968185
Pd3Nb/hcp/hetero,2.08739291
Pd3Mo/fcc/homo,1.76292139
Pd3Mo/fcc/hetero,1.90020387
Pd3Mo/hcp/homo,1.79404745
Pd3Mo/hcp/hetero,2.08915101
Pd3Ba/fcc/homo,0.58544575
Pd3Ba/fcc/hetero,1.35477044
Pd3Ba/hcp/homo,0.99752427
Pd3Ba/hcp/hetero,0.37974452
Pd3Ta/fcc/homo,1.77332142
Pd3Ta/fcc/hetero,2.61724418
Pd3Ta/hcp/homo,1.97412241
Pd3Ta/hcp/hetero,2.11393922
Pd3W/fcc/homo,1.8049211
Pd3W/fcc/hetero,2.03820347
Pd3W/hcp/homo,1.82832691
Pd3W/hcp/hetero,2.18969807
Pd3Ag/fcc/homo,1.29617114
Pd3Ag/fcc/hetero,1.52214442
Pd3Ag/hcp/homo,1.48749803
Pd3Ag/hcp/hetero,1.4293796
Pd3Al/fcc/homo,1.6491372
Pd3Al/fcc/hetero,1.71528212
Pd3Al/hcp/homo,1.79951482
Pd3Al/hcp/hetero,1.92149765
Pd3Au/fcc/homo,1.27354743
Pd3Au/fcc/hetero,1.34201833
Pd3Au/hcp/homo,1.43466803
Pd3Au/hcp/hetero,1.47048763
Pd3Cu/fcc/homo,1.4932285
Pd3Cu/fcc/hetero,1.68708708
Pd3Cu/hcp/homo,1.67379348
Pd3Cu/hcp/hetero,1.66545447
Pd3Ir/fcc/homo,1.57307229
Pd3Ir/fcc/hetero,1.33519287
Pd3Ir/hcp/homo,1.69061365
Pd3Ir/hcp/hetero,1.73645971
Pd3Ni/fcc/homo,1.394728
Pd3Ni/fcc/hetero,1.62951677
Pd3Ni/hcp/homo,1.56614228
Pd3Ni/hcp/hetero,1.55010882
Pd3Pb/fcc/homo,1.28481915
Pd3Pb/fcc/hetero,1.49221803
Pd3Pb/hcp/homo,1.43202555
Pd3Pb/hcp/hetero,1.50442965
Pd3Pt/fcc/homo,1.42099899
Pd3Pt/fcc/hetero,1.25874464
Pd3Pt/hcp/homo,1.56783454
Pd3Pt/hcp/hetero,1.60641597
Pd3Rh/fcc/homo,1.48776216
Pd3Rh/fcc/hetero,1.33697224
Pd3Rh/hcp/homo,1.63139522
Pd3Rh/hcp/hetero,1.6346089
Pt3Co/fcc/homo,1.82994381
Pt3Co/fcc/hetero,1.5886667
Pt3Co/hcp/homo,1.86591085
Pt3Co/hcp/hetero,1.70398649
Pt3Be/fcc/homo,1.93400342
Pt3Be/fcc/hetero,2.4843479
Pt3Be/hcp/homo,2.38735203
Pt3Be/hcp/hetero,2.43807814
Pt3Mg/fcc/homo,1.64128839
Pt3Mg/fcc/hetero,2.07248624
Pt3Mg/hcp/homo,2.06036696
Pt3Mg/hcp/hetero,2.03576335
Pt3Sc/fcc/homo,1.62191133
Pt3Sc/fcc/hetero,2.14999794
Pt3Sc/hcp/homo,2.00275294
Pt3Sc/hcp/hetero,2.03111669
Pt3Ti/fcc/homo,1.74947819
Pt3Ti/fcc/hetero,2.42635952
Pt3Ti/hcp/homo,2.20042276
Pt3Ti/hcp/hetero,2.21166343
Pt3Zn/fcc/homo,1.7039706
Pt3Zn/fcc/hetero,2.05790467
Pt3Zn/hcp/homo,2.12294878
Pt3Zn/hcp/hetero,2.13219982
Pt3Y/fcc/homo,1.24403762
Pt3Y/fcc/hetero,1.67720851
Pt3Y/hcp/homo,1.6032576
Pt3Y/hcp/hetero,1.56142769
Pt3Zr/fcc/homo,1.58365208
Pt3Zr/fcc/hetero,2.13539576
Pt3Zr/hcp/homo,1.93236101
Pt3Zr/hcp/hetero,2.09311146
Pt3Tc/fcc/homo,1.8599565
Pt3Tc/fcc/hetero,1.86126485
Pt3Tc/hcp/homo,2.12740883
Pt3Tc/hcp/hetero,2.19203307
Pt3Ru/fcc/homo,1.7076425
Pt3Ru/fcc/hetero,1.70233576
Pt3Ru/hcp/homo,2.06780839
Pt3Ru/hcp/hetero,2.07107384
Pt3Cd/fcc/homo,1.36890199
Pt3Cd/fcc/hetero,1.66793601
Pt3Cd/hcp/homo,1.79513819
Pt3Cd/hcp/hetero,1.7415703
Pt3Lu/fcc/homo,1.36610657
Pt3Lu/fcc/hetero,1.79659689
Pt3Lu/hcp/homo,1.7256781
Pt3Lu/hcp/hetero,1.71561738
Pt3Hf/fcc/homo,1.59279141
Pt3Hf/fcc/hetero,2.21757451
Pt3Hf/hcp/homo,1.99830159
Pt3Hf/hcp/hetero,2.15485828
Pt3Re/fcc/homo,1.93951847
Pt3Re/fcc/hetero,1.87692353
Pt3Re/hcp/homo,2.12304133
Pt3Re/hcp/hetero,2.3694405
Pt3Os/fcc/homo,1.74579778
Pt3Os/fcc/hetero,1.66479775
Pt3Os/hcp/homo,2.08005341
Pt3Os/hcp/hetero,2.14104852
Pt3Tl/fcc/homo,1.2257774
Pt3Tl/fcc/hetero,1.5263084
Pt3Tl/hcp/homo,1.68100399
Pt3Tl/hcp/hetero,1.65569907
Pt3Li/fcc/homo,1.75639118
Pt3Li/fcc/hetero,2.38719356
Pt3Li/hcp/homo,2.22256959
Pt3Li/hcp/hetero,2.16318478
Pt3Na/fcc/homo,1.4352999
Pt3Na/fcc/hetero,1.96631164
Pt3Na/hcp/homo,1.85930045
Pt3Na/hcp/hetero,1.70524309
Pt3K/fcc/homo,0.82822087
Pt3K/fcc/hetero,1.47297984
Pt3K/hcp/homo,1.24943604
Pt3K/hcp/hetero,0.67413489
Pt3V/fcc/homo,1.83628508
Pt3V/fcc/hetero,2.3198383
Pt3V/hcp/homo,2.21260188
Pt3V/hcp/hetero,2.24899558
Pt3Cr/fcc/homo,0.75675497
Pt3Cr/fcc/hetero,1.14399954
Pt3Cr/hcp/homo,1.1721868
Pt3Cr/hcp/hetero,3.01680562
Pt3Fe/fcc/homo,2.94005211
Pt3Fe/fcc/hetero,1.80256057
Pt3Fe/hcp/homo,2.04141859
Pt3Fe/hcp/hetero,0.7495894
Pt3Rb/fcc/homo,-2.22098241
Pt3Rb/fcc/hetero,-0.74634781
Pt3Rb/hcp/homo,-2.69667598
Pt3Rb/hcp/hetero,0.40744742
Pt3Nb/fcc/homo,1.89256639
Pt3Nb/fcc/hetero,2.32209577
Pt3Nb/hcp/homo,2.19710577
Pt3Nb/hcp/hetero,2.37840288
Pt3Mo/fcc/homo,1.91930984
Pt3Mo/fcc/hetero,2.04853006
Pt3Mo/hcp/homo,2.14098008
Pt3Mo/hcp/hetero,2.37454733
Pt3Ba/fcc/homo,-2.48573203
Pt3Ba/fcc/hetero,0.87293427
Pt3Ba/hcp/homo,-1.80393775
Pt3Ba/hcp/hetero,-0.24018117
Pt3Ta/fcc/homo,1.93283765
Pt3Ta/fcc/hetero,2.48820833
Pt3Ta/hcp/homo,2.29689994
Pt3Ta/hcp/hetero,2.43897109
Pt3W/fcc/homo,2.0075764
Pt3W/fcc/hetero,2.15602233
Pt3W/hcp/homo,2.17431198
Pt3W/hcp/hetero,2.54349371
Pt3Ag/fcc/homo,1.38564157
Pt3Ag/fcc/hetero,1.72936576
Pt3Ag/hcp/homo,1.81377237
Pt3Ag/hcp/hetero,1.7658935
Pt3Al/fcc/homo,1.66119306
Pt3Al/fcc/hetero,2.2580302
Pt3Al/hcp/homo,2.16397672
Pt3Al/hcp/hetero,2.19569053
Pt3Au/fcc/homo,1.3079977
Pt3Au/fcc/hetero,1.55154421
Pt3Au/hcp/homo,1.73402229
Pt3Au/hcp/hetero,1.74858148
Pt3Cu/fcc/homo,1.70160169
Pt3Cu/fcc/hetero,2.06163478
Pt3Cu/hcp/homo,2.11582757
Pt3Cu/hcp/hetero,2.162479
Pt3Ir/fcc/homo,1.60975224
Pt3Ir/fcc/hetero,1.55758355
Pt3Ir/hcp/homo,2.02989335
Pt3Ir/hcp/hetero,1.96729931
Pt3Ni/fcc/homo,1.75198202
Pt3Ni/fcc/hetero,1.9977065
Pt3Ni/hcp/homo,2.16458863
Pt3Ni/hcp/hetero,2.26251011
Pt3Pb/fcc/homo,1.05255298
Pt3Pb/fcc/hetero,1.6525714
Pt3Pb/hcp/homo,1.58388645
Pt3Pb/hcp/hetero,1.44519246
Pt3Pd/fcc/homo,1.44697051
Pt3Pd/fcc/hetero,1.58930592
Pt3Pd/hcp/homo,1.85606276
Pt3Pd/hcp/hetero,1.88835655
Pt3Rh/fcc/homo,1.58981889
Pt3Rh/fcc/hetero,1.61376066
Pt3Rh/hcp/homo,1.99233487
Pt3Rh/hcp/hetero,1.96806509
Rh3Co/fcc/homo,0.55176716
Rh3Co/fcc/hetero,0.73975523
Rh3Co/hcp/homo,0.60354591
Rh3Co/hcp/hetero,0.6817188
Rh3Be/fcc/homo,0.64354366
Rh3Be/fcc/hetero,0.7808586
Rh3Be/hcp/homo,0.68929538
Rh3Be/hcp/hetero,0.68482785
Rh3Mg/fcc/homo,0.3658506
Rh3Mg/fcc/hetero,0.71869089
Rh3Mg/hcp/homo,0.42294256
Rh3Mg/hcp/hetero,0.2538777
Rh3Sc/fcc/homo,0.36372364
Rh3Sc/fcc/hetero,0.8423286
Rh3Sc/hcp/homo,0.40268102
Rh3Sc/hcp/hetero,0.2129034
Rh3Ti/fcc/homo,0.49085885
Rh3Ti/fcc/hetero,0.98858204
Rh3Ti/hcp/homo,0.53984722
Rh3Ti/hcp/hetero,0.56976979
Rh3Zn/fcc/homo,0.45678642
Rh3Zn/fcc/hetero,0.57383365
Rh3Zn/hcp/homo,0.48434475
Rh3Zn/hcp/hetero,0.39856785
Rh3Y/fcc/homo,0.10985187
Rh3Y/fcc/hetero,0.71766275
Rh3Y/hcp/homo,0.2616789
Rh3Y/hcp/hetero,-0.02208829
Rh3Zr/fcc/homo,0.34049025
Rh3Zr/fcc/hetero,0.82066375
Rh3Zr/hcp/homo,0.37153721
Rh3Zr/hcp/hetero,0.26973449
Rh3Tc/fcc/homo,0.59992158
Rh3Tc/fcc/hetero,0.98193239
Rh3Tc/hcp/homo,0.6599434
Rh3Tc/hcp/hetero,1.00252529
Rh3Ru/fcc/homo,0.59846957
Rh3Ru/fcc/hetero,0.70168871
Rh3Ru/hcp/homo,0.62053863
Rh3Ru/hcp/hetero,0.81229928
Rh3Cd/fcc/homo,0.2465077
Rh3Cd/fcc/hetero,0.49012555
Rh3Cd/hcp/homo,0.31911579
Rh3Cd/hcp/hetero,0.13049984
Rh3Lu/fcc/homo,0.33411197
Rh3Lu/fcc/hetero,0.83447295
Rh3Lu/hcp/homo,0.28130628
Rh3Lu/hcp/hetero,0.04276859
Rh3Hf/fcc/homo,0.40744758
Rh3Hf/fcc/hetero,0.82263062
Rh3Hf/hcp/homo,0.40504971
Rh3Hf/hcp/hetero,0.3325353
Rh3Re/fcc/homo,0.5841639
Rh3Re/fcc/hetero,1.01574485
Rh3Re/hcp/homo,0.6505955
Rh3Re/hcp/hetero,1.09358872
Rh3Os/fcc/homo,0.62745708
Rh3Os/fcc/hetero,0.78055958
Rh3Os/hcp/homo,0.62469091
Rh3Os/hcp/hetero,0.99539629
Rh3Tl/fcc/homo,0.25936759
Rh3Tl/fcc/hetero,0.33950362
Rh3Tl/hcp/homo,0.32331107
Rh3Tl/hcp/hetero,0.19718097
Rh3Li/fcc/homo,0.5052977
Rh3Li/fcc/hetero,0.7981875
Rh3Li/hcp/homo,0.52340583
Rh3Li/hcp/hetero,0.40911664
Rh3Na/fcc/homo,0.1951319
Rh3Na/fcc/hetero,0.71615935
Rh3Na/hcp/homo,0.33145913
Rh3Na/hcp/hetero,0.03479993
Rh3K/fcc/homo,-0.29374172
Rh3K/fcc/hetero,-1.52235986
Rh3K/hcp/homo,-1.43561575
Rh3K/hcp/hetero,-0.49418765
Rh3V/fcc/homo,0.56056988
Rh3V/fcc/hetero,1.19249025
Rh3V/hcp/homo,0.66133922
Rh3V/hcp/hetero,0.92166079
Rh3Cr/fcc/homo,0.58615229
Rh3Cr/fcc/hetero,0.93449657
Rh3Cr/hcp/homo,0.67201661
Rh3Cr/hcp/hetero,0.76185567
Rh3Fe/fcc/homo,0.55748989
Rh3Fe/fcc/hetero,0.78015657
Rh3Fe/hcp/homo,0.60693711
Rh3Fe/hcp/hetero,1.16561467
Rh3Rb/fcc/homo,0.67471282
Rh3Rb/fcc/hetero,0.54326234
Rh3Rb/hcp/homo,0.52597356
Rh3Rb/hcp/hetero,0.20094792
Rh3Nb/fcc/homo,0.34511924
Rh3Nb/fcc/hetero,0.93269176
Rh3Nb/hcp/homo,0.40688074
Rh3Nb/hcp/hetero,0.59360894
Rh3Mo/fcc/homo,0.54470178
Rh3Mo/fcc/hetero,1.15830947
Rh3Mo/hcp/homo,0.62109197
Rh3Mo/hcp/hetero,1.01967082
Rh3Ba/fcc/homo,-0.16852107
Rh3Ba/fcc/hetero,0.99607082
Rh3Ba/hcp/homo,0.21694581
Rh3Ba/hcp/hetero,-0.43535765
Rh3Ta/fcc/homo,0.4595466
Rh3Ta/fcc/hetero,1.02791844
Rh3Ta/hcp/homo,0.49776163
Rh3Ta/hcp/hetero,0.74580738
Rh3W/fcc/homo,0.52975508
Rh3W/fcc/hetero,1.20595523
Rh3W/hcp/homo,0.60745774
Rh3W/hcp/hetero,1.08915887
Rh3Ag/fcc/homo,0.33885047
Rh3Ag/fcc/hetero,0.41889226
Rh3Ag/hcp/homo,0.41646935
Rh3Ag/hcp/hetero,0.19964048
Rh3Al/fcc/homo,0.53331174
Rh3Al/fcc/hetero,0.65864082
Rh3Al/hcp/homo,0.54279676
Rh3Al/hcp/hetero,0.52813933
Rh3Au/fcc/homo,0.3798556
Rh3Au/fcc/hetero,0.28604384
Rh3Au/hcp/homo,0.45775869
Rh3Au/hcp/hetero,0.28553824
Rh3Cu/fcc/homo,0.48008694
Rh3Cu/fcc/hetero,0.48131647
Rh3Cu/hcp/homo,0.5021074
Rh3Cu/hcp/hetero,0.41342656
Rh3Ir/fcc/homo,0.5567038
Rh3Ir/fcc/hetero,0.54131435
Rh3Ir/hcp/homo,0.58007238
Rh3Ir/hcp/hetero,0.74800427
Rh3Ni/fcc/homo,0.57998254
Rh3Ni/fcc/hetero,0.57840851
Rh3Ni/hcp/homo,0.63780137
Rh3Ni/hcp/hetero,0.61298444
Rh3Pb/fcc/homo,0.26806372
Rh3Pb/fcc/hetero,0.35768179
Rh3Pb/hcp/homo,0.30183511
Rh3Pb/hcp/hetero,0.35223202
Rh3Pd/fcc/homo,0.46629703
Rh3Pd/fcc/hetero,0.36866197
Rh3Pd/hcp/homo,0.53313705
Rh3Pd/hcp/hetero,0.38435408
Rh3Pt/fcc/homo,0.51676743
Rh3Pt/fcc/hetero,0.36488982
Rh3Pt/hcp/homo,0.57674612
Rh3Pt/hcp/hetero,0.51701649
Ag3Mn/hcp/homo,2.21883482
Ag3Mn/hcp/hetero,2.3487011
Ag3Mn/fcc/homo,2.18929324
Ag3Mn/fcc/hetero,2.02606387
Al3Mn/hcp/homo,-1.24403878
Al3Mn/hcp/hetero,-1.06081233
Al3Mn/fcc/homo,-1.61665016
Al3Mn/fcc/hetero,-1.34457643
Au3Mn/hcp/homo,2.81095795
Au3Mn/hcp/hetero,3.01792604
Au3Mn/fcc/homo,2.6803498
Au3Mn/fcc/hetero,2.60729177
Cu3Mn/hcp/homo,0.9770206
Cu3Mn/hcp/hetero,1.07637282
Cu3Mn/fcc/homo,0.92039578
Cu3Mn/fcc/hetero,0.74514286
Ir3Mn/hcp/homo,-0.17969215
Ir3Mn/hcp/hetero,0.60465143
Ir3Mn/fcc/homo,0.44841825
Ir3Mn/fcc/hetero,0.67205537
Ni3Mn/hcp/homo,0.35903314
Ni3Mn/hcp/hetero,0.37361385
Ni3Mn/fcc/homo,0.25116563
Ni3Mn/fcc/hetero,0.44183947
Pb3Mn/hcp/homo,1.23489092
Pb3Mn/hcp/hetero,1.30957384
Pb3Mn/fcc/homo,1.10750693
Pb3Mn/fcc/hetero,1.34875702
Pd3Mn/hcp/homo,-0.5414705
Pd3Mn/hcp/hetero,1.62269898
Pd3Mn/fcc/homo,3.42161305
Pd3Mn/fcc/hetero,-0.49774211
Pt3Mn/hcp/homo,2.13078807
Pt3Mn/hcp/hetero,2.15480493
Pt3Mn/fcc/homo,1.72086925
Pt3Mn/fcc/hetero,2.17646801
Rh3Mn/hcp/homo,1.68852683
Rh3Mn/hcp/hetero,1.65704565
Rh3Mn/fcc/homo,1.60760966
Rh3Mn/fcc/hetero,1.77199516